Company_Name,Rating,Price
Quezon Event Audio,4.85,16278
Lucena Lights & Beats,4.24,20249
Tayabas Sound Masters,4.3,26359
Infanta Sound System,3.65,19395
Candelaria Party Lights,4.71,39590
Dolores Audio Pro,3.89,30844
Tiaong Mega Sounds,4.59,30321
San Antonio Beat & Bass,4.66,26863
Real Event Sounds,3.74,22886
Calauag Sonic Lights,4.18,38912
Mauban Party Audio,4.81,33448
Unisan Beats Hub,4.84,32162
General Luna DJ & Sounds,4.7,25107
Padre Burgos AudioMix,3.63,28871
Polillo Island Lights,3.91,26661
