Company_Name,Rating,Location,Price
Lucban Grand Hall,3.81,Lucban,74092
Sariaya Pavilion,4.33,Sariaya,77021
Atimonan Bay Venue,3.8,Atimonan,63134
Lopez Celebration Hall,4.88,Lopez,76487
Pagbilao Event Place,3.87,Pagbilao,42845
Tayabas Heritage Venue,3.56,Tayabas,64634
Infanta Coastal Pavilion,4.72,Infanta,68388
Real Seaside Venue,4.32,Real,67424
Candelaria Events Hub,3.72,Candelaria,61654
Calauag Banquet Hall,4.64,Calauag,53144
Polillo Island Resort Venue,4.31,Polillo,54344
Mauban Hills Venue,3.66,Mauban,74728
